{"entity.enderman.ambient":{"sounds":[{"name":"mob\/endermen\/idle1","volume":0.05},{"name":"mob\/endermen\/idle2","volume":0.05},{"name":"mob\/endermen\/idle3","volume":0.05},{"name":"mob\/endermen\/idle4","volume":0.05},{"name":"mob\/endermen\/idle5","volume":0.05}],"replace":true,"subtitle":"subtitles.entity.enderman.ambient"},"entity.enderman.death":{"sounds":[{"name":"mob\/endermen\/death","volume":0.05}],"replace":true,"subtitle":"subtitles.entity.enderman.death"},"entity.enderman.hurt":{"sounds":[{"name":"mob\/endermen\/hit1","volume":0.05},{"name":"mob\/endermen\/hit2","volume":0.05},{"name":"mob\/endermen\/hit3","volume":0.05},{"name":"mob\/endermen\/hit4","volume":0.05}],"replace":true,"subtitle":"subtitles.entity.enderman.hurt"},"entity.enderman.scream":{"sounds":[{"name":"mob\/endermen\/scream1","volume":0.05},{"name":"mob\/endermen\/scream2","volume":0.05},{"name":"mob\/endermen\/scream3","volume":0.05},{"name":"mob\/endermen\/scream4","volume":0.05}],"replace":true,"subtitle":"subtitles.entity.enderman.scream"},"entity.enderman.stare":{"sounds":[{"name":"mob\/endermen\/stare","volume":0.05}],"replace":true,"subtitle":"subtitles.entity.enderman.stare"},"entity.enderman.teleport":{"sounds":[{"name":"mob\/endermen\/portal","volume":0.05},{"name":"mob\/endermen\/portal2","volume":0.05}],"replace":true,"subtitle":"subtitles.entity.enderman.teleport"},"entity.minecart.inside":{"sounds":[{"name":"minecart\/inside","volume":0.05}],"replace":true},"entity.minecart.inside.underwater":{"sounds":[{"name":"minecart\/inside_underwater1","volume":0.05},{"name":"minecart\/inside_underwater2","volume":0.05},{"name":"minecart\/inside_underwater3","volume":0.05}],"replace":true},"entity.minecart.riding":{"sounds":[{"name":"minecart\/base","volume":0.05}],"replace":true,"subtitle":"subtitles.entity.minecart.riding"},"block.portal.ambient":{"sounds":[{"attenuation_distance":10,"name":"portal\/portal","volume":0.05}],"replace":true,"subtitle":"subtitles.block.portal.ambient"},"block.portal.travel":{"sounds":[{"name":"portal\/travel","volume":0.05}],"replace":true},"block.portal.trigger":{"sounds":[{"name":"portal\/trigger","volume":0.05}],"replace":true,"subtitle":"subtitles.block.portal.trigger"}}